Georgi Ivanov,gosheto@test-email.com,BG
Novak Jokovic,novak@test-email.com,FR
Greg House,house123@test-email.com,US
Ben Dover,bendover69@test-email.com,US
Eryn Mayer,eryn_mayer@test-email.com,AE
Aryan Leach,aryan_leach@test-email.com,US
Roy Colon,roy_colon@test-email.com,US
Rosa Villarreal,rosa_vill@test-email.com,ES
Aaliyah Mack,aa_mack@test-email.com,FR
Irene Singleton,irene_singleton@test-email.com,US
Skyla Meyer,skyyla_meyer@test-email.com,US
Karol Mann,karol_mann@test-email.com,DE
Mariah Valencia,mariah_valencia@test-email.com,ES
Estelle Duffy,estelle_duffy@test-email.com,US